sample_name,abs_reads_nr,ITS_clade,rel_abund_clade
HK1_8,1669,clade_C,0.9999999999999999
HK2_4,30,clade_C,1
RS1_31,20,clade_C,1
RS2_20,1520,clade_C,0.9565789473684209
RS2_20,1520,clade_D,0.043421052631578944
RS2_27,1381,clade_C,0.7603186097031136
RS2_27,1381,clade_D,0.2396813902968863
RS3_3,1661,clade_C,1
RS3_5,1085,clade_C,0.9999999999999999
RS3_9,1533,clade_A,0.07501630789302018
RS3_9,1533,clade_C,0.9249836921069796
