 ,Df,SumOfSqs,R2,F,Pr(>F)
state, 1,0.32027,0.04077,1.26930,0.23854
origin, 1,1.39825,0.17799,5.54160,0.00022
state:origin, 1,0.33406,0.04252,1.32396,0.21558
Residual,23,5.80335,0.73872,     NA,     NA
Total,26,7.85593,1.00000,     NA,     NA
