 ,Df,SumOfSqs,R2,F,Pr(>F)
state, 1,0.32027,0.04077,1.06251,0.34449
Residual,25,7.53566,0.95923,     NA,     NA
Total,26,7.85593,1.00000,     NA,     NA
