 ,Df,SumOfSqs,R2,F,Pr(>F)
state, 1,0.26550,0.0497,0.78448,0.55636
Residual,15,5.07665,0.9503,     NA,     NA
Total,16,5.34215,1.0000,     NA,     NA
