 ,Df,SumOfSqs,R2,F,Pr(>F)
state,1,0.37651,0.34129,4.14487,0.00784
Residual,8,0.72670,0.65871,     NA,     NA
Total,9,1.10321,1.00000,     NA,     NA
